,OrderL2,OrderH1
0,0.9961546919260905,0.4981158218015235
