,OrderL2,OrderH1
0,0.9364114067403859,0.46704873964211796
