,Relative_FOMvsROM,Absolute_FOMvsROM,SpeedUp_POD
0,0.004070600729850041,0.01861175318533446,0.9405649918718676
