,Relative_FOMvsROM,Absolute_FOMvsROM,SpeedUp_POD
0,0.0012497563573318853,0.005735329860686021,0.8280930495193238
