,RelativeL2_FOMvsROM,AbsoluteL2_FOMvsROM,RelativeH1_FOMvsROM,AbsoluteH1_FOMvsROM,SpeedUp_POD
0,0.006133232788283091,0.0031611368899969825,0.004250319087813859,0.019443237562204035,0.7919335279947642
